,0
0,SAN
1,7GP
2,J4G
3,D4D
4,GW2
5,KSX
6,MLV
7,W13
8,RTQ
9,79N
10,4W6
11,DYB
12,ZZ4
13,5MC
14,Y5R
15,MV6
16,75R
17,TYX
18,YKX
19,FHY
20,PHB
21,VF6
22,HKT
23,ZXW
24,3ZC
25,DVX
26,7MR
27,29T
28,BJV
29,FLH
30,PQD
31,VH6
32,7W7
33,ZPD
34,S2R
35,S4P
36,9NB
37,HJZ
38,9FN
39,C65
40,BJS
41,HSQ
42,47G
43,19J
44,95C
45,8XD
46,42V
47,TRZ
48,P5J
49,YP8
50,DN6
51,ZPV
52,2YW
53,QXK
54,SWG
55,F3D
56,SGG
57,TT3
58,M1S
59,79D
60,3X3
61,RXJ
62,347
63,MH8
64,GPB
65,QFN
66,CNY
67,F1B
68,S8C
69,Q8J
70,XVV
71,YT7
72,CQB
73,BR6
74,HSX
75,459
76,YQC
77,FSW
78,VHQ
79,QCS
80,G4B
81,JWR
82,8M1
83,WDM
84,H4K
85,V2H
86,6LG
87,LPH
88,VKS
89,8N9
90,8MT
91,9LN
92,N3D
93,SGX
94,SVY
95,9WH
96,ZCD
97,FDT
98,M8Z
99,VD7
100,512
101,7HW
102,11Y
103,PQY
104,8HT
105,DZ6
106,57G
107,HZQ
108,GL4
109,NB1
110,BLT
111,K8S
112,KZ6
113,FY7
114,BV4
115,JZM
116,D6Z
117,L1T
118,C4K
119,71S
120,NGV
121,JM9
122,ZR6
123,QBB
124,1YV
125,9YR
126,VPF
127,MC7
128,R8D
129,HTH
130,L9Y
131,PG2
132,6HV
133,6BC
134,6SN
135,YMP
136,PND
137,5V6
138,VKT
139,QBS
140,22H
141,9KD
142,TJJ
143,NY9
144,2YM
145,2VD
146,DQP
147,7J4
148,SNZ
149,XNP
150,VQT
151,7VT
152,HQS
153,T5B
154,MXQ
155,FCH
156,N1L
157,5TX
158,BGG
159,DGS
160,Q8N
161,9GR
162,F3G
163,GFP
164,BSB
165,G9Y
166,CJ1
167,51T
168,BPL
169,SBL
170,B63
171,Q6G
172,GXQ
173,BM6
174,815
175,WDF
176,YXC
177,YD1
178,14W
179,JCR
180,Z8R
181,H1L
182,BSQ
183,689
184,2JC
185,N4J
186,847
187,V4T
188,RTV
189,QYP
190,Q4H
191,1KG
192,PBM
193,ZYG
194,FTN
195,GS2
196,M48
197,6M8
198,MYP
199,HNV
200,KK5
201,YCG
202,CGH
203,LP8
204,HR7
205,SPY
206,N91
207,MG2
208,TT2
209,RN3
210,DPW
211,P63
212,61P
213,FBX
214,YPT
215,P9T
216,ZFV
217,XSS
218,5TG
219,7VW
220,S8Q
221,6LF
222,6YP
223,CQR
224,YH9
225,DLR
226,VLW
227,84H
228,9T7
229,W4H
230,W82
231,5ZM
232,7Q6
233,9VB
234,DGC
235,XT3
236,Q5T
237,B3G
238,LJG
239,XCF
240,KZJ
241,TLG
242,2FT
243,J7T
244,82V
245,QZK
246,Q38
247,YC9
248,RFZ
249,513
250,HJ7
251,FFZ
252,F95
253,7M2
254,VT7
255,YV5
256,8SC
257,H9J
258,R1J
259,TLY
260,TBV
261,DZW
262,H6Y
263,L65
264,7TL
265,41Z
266,HPZ
267,L6C
268,RQZ
269,TBM
270,DWP
271,VLD
272,SX1
273,GXD
274,QM6
275,J2S
276,3GV
277,LPB
278,2S2
279,S9K
280,QV7
281,2Z3
282,1X8
283,XMM
284,9TV
285,DBZ
286,31H
287,T88
288,7TH
289,PYF
290,6MC
291,XH2
292,T9T
293,X5D
294,2RL
295,WL3
296,VC8
297,HT3
298,VX9
299,457
300,7P8
301,7X5
302,9JW
303,COM
